{
  "IcoMoonType": "selection",
  "icons": [
    {
      "icon": {
        "paths": [
          "M204.8 375.468v-68.268h614.4v68.268h-614.4zM204.8 546.132h614.4v-68.265h-614.4v68.265zM204.8 716.8h614.4v-68.268h-614.4v68.268z"
        ],
        "attrs": [],
        "grid": 0,
        "tags": [
          "burger"
        ]
      },
      "attrs": [],
      "properties": {
        "order": 28,
        "id": 1,
        "name": "burger",
        "prevSize": 32
      },
      "setIdx": 0,
      "setId": 8,
      "iconIdx": 0
    },
    {
      "icon": {
        "paths": [
          "M759.468 329.728l-48.128-48.128-190.807 190.804-190.804-190.804-48.128 48.128 190.804 190.804-190.804 190.807 48.128 48.128 190.804-190.807 190.807 190.807 48.128-48.128-190.807-190.807 190.807-190.804z"
        ],
        "attrs": [],
        "grid": 0,
        "tags": [
          "closemodal"
        ]
      },
      "attrs": [],
      "properties": {
        "order": 29,
        "id": 0,
        "name": "closemodal",
        "prevSize": 32
      },
      "setIdx": 0,
      "setId": 8,
      "iconIdx": 1
    }
  ],
  "height": 1024,
  "preferences": {
    "showGlyphs": true,
    "showQuickUse": true,
    "showQuickUse2": true,
    "showSVGs": true,
    "fontPref": {
      "prefix": "icon-",
      "metadata": {
        "fontFamily": "icomoon"
      },
      "metrics": {
        "emSize": 1024,
        "baseline": 6.25,
        "whitespace": 50
      },
      "embed": false
    },
    "imagePref": {
      "prefix": "icon-",
      "png": true,
      "useClassSelector": true,
      "color": 0,
      "bgColor": 16777215,
      "classSelector": ".icon",
      "name": "icomoon",
      "height": 32,
      "columns": 16,
      "margin": 16
    },
    "historySize": 50,
    "showCodes": true,
    "gridSize": 16
  }
}